"domain","audit_timestamp","result","homepage_status","robots_status","sitemap_status","sitemap_pages","reviewed_index_pages","reviewed_deep_pages","unique_titles","unique_descriptions","favicon_status","bad_http_pages","canonical_mismatches","h1_count_failures","noindex_deep_pages","broken_internal_links","warnings","warning_detail"
"1to1finds.cloud","2026/9/4 14:11:22","pass","200","200","200","7","7","4","7","7","200","0","0","0","4","0","1","official source link could not be conclusively verified https://www.reddit.com/r/1to1reps: 403"
"1to1finds.com","2026/9/4 14:11:22","pass","200","200","200","7","7","4","7","7","200","0","0","0","4","0","1","official source link could not be conclusively verified https://www.reddit.com/r/1to1reps: 403"
"1to1reps.com","2026/9/4 14:11:22","pass","200","200","200","7","7","4","7","7","200","0","0","0","4","0","1","official source link could not be conclusively verified https://www.reddit.com/r/1to1reps: 403"
"1to1spreadsheet.com","2026/9/4 14:11:22","pass","200","200","200","7","7","4","7","7","200","0","0","0","4","0","1","official source link could not be conclusively verified https://www.reddit.com/r/1to1reps: 403"
"acbuyindex.com","2026/9/4 14:11:22","pass","200","200","200","7","7","4","7","7","200","0","0","0","4","0","0",""
"allchinabuyfinder.com","2026/9/4 14:11:22","pass","200","200","200","6","6","4","6","6","200","0","0","0","4","0","0",""
"allchinabuyindex.com","2026/9/4 14:11:22","pass","200","200","200","7","7","4","7","7","200","0","0","0","4","0","0",""
"bbdbuyeufinds.com","2026/9/4 14:11:22","pass","200","200","200","7","7","4","7","7","200","0","0","0","4","0","0",""
"bbdbuyeus.com","2026/9/4 14:11:22","pass","200","200","200","7","7","4","7","7","200","0","0","0","4","0","0",""
"bbdbuyeusheet.com","2026/9/4 14:11:22","pass","200","200","200","5","5","4","5","5","200","0","0","0","4","0","0",""
"boonbuyfind.net","2026/9/4 14:11:22","pass","200","200","200","6","6","4","6","6","200","0","0","0","4","0","0",""
"boonbuyindex.com","2026/9/4 14:11:22","pass","200","200","200","7","7","4","7","7","200","0","0","0","4","0","0",""
"cnshopperindex.com","2026/9/4 14:11:22","pass","200","200","200","7","7","4","7","7","200","0","0","0","4","0","0",""
"cssbuycatalog.com","2026/9/4 14:11:22","pass","200","200","200","8","8","4","8","8","200","0","0","0","4","0","1","official source link could not be conclusively verified https://www.cssbuy.com/: 403"
"cssbuyindex.com","2026/9/4 14:11:22","pass","200","200","200","8","8","4","8","8","200","0","0","0","4","0","1","official source link could not be conclusively verified https://www.cssbuy.com/: 403"
"cssbuyitems.com","2026/9/4 14:11:22","pass","200","200","200","8","8","4","8","8","200","0","0","0","4","0","1","official source link could not be conclusively verified https://www.cssbuy.com/: 403"
"dgobuyindex.com","2026/9/4 14:11:22","pass","200","200","200","8","8","4","8","8","200","0","0","0","4","0","0",""
"eastmallbuyindex.com","2026/9/4 14:11:22","pass","200","200","200","8","8","4","8","8","200","0","0","0","4","0","0",""
"fishgooindex.com","2026/9/4 14:11:22","pass","200","200","200","8","8","4","8","8","200","0","0","0","4","0","0",""
"goatedbuyindex.com","2026/9/4 14:11:22","pass","200","200","200","8","8","4","8","8","200","0","0","0","4","0","0",""
"gtbuyindex.com","2026/9/4 14:11:22","pass","200","200","200","8","8","4","8","8","200","0","0","0","4","0","0",""
"hipobuyindex.com","2026/9/4 14:11:22","pass","200","200","200","8","8","4","8","8","200","0","0","0","4","0","0",""
"hoobuyindex.net","2026/9/4 14:11:22","pass","200","200","200","8","8","4","8","8","200","0","0","0","4","0","0",""
"hubbuyindex.com","2026/9/4 14:11:22","pass","200","200","200","8","8","4","8","8","200","0","0","0","4","0","0",""
"indexfinds.com","2026/9/4 14:11:22","core_pass_deep_audit_pending","200","200","200","4648","","","","","not_rechecked","","0","","","","1","independent main-site deep audit remains separate"
"itaobuyindex.com","2026/9/4 14:11:22","pass","200","200","200","7","7","4","7","7","200","0","0","0","4","0","0",""
"joyabuyfinds.com","2026/9/4 14:11:22","pass","200","200","200","8","8","4","8","8","200","0","0","0","4","0","1","official source link could not be conclusively verified https://joyagoo.com/: 403"
"joyagooindex.com","2026/9/4 14:11:22","pass","200","200","200","8","8","4","8","8","200","0","0","0","4","0","1","official source link could not be conclusively verified https://joyagoo.com/: 403"
"kakobuyindex.net","2026/9/4 14:11:22","pass","200","200","200","8","8","4","8","8","200","0","0","0","4","0","0",""
"kakobuyitems.com","2026/9/4 14:11:22","pass","200","200","200","8","8","4","8","8","200","0","0","0","4","0","0",""
"kameymallindex.com","2026/9/4 14:11:22","pass","200","200","200","8","8","4","8","8","200","0","0","0","4","0","1","official source link could not be conclusively verified https://www.kameymall.com/: HTTP 502"
"litbuyindex.com","2026/9/4 14:11:22","pass","200","200","200","9","9","4","9","9","200","0","0","0","4","0","0",""
"litbuyitems.com","2026/9/4 14:11:22","pass","200","200","200","9","9","4","9","9","200","0","0","0","4","0","0",""
"litbuyproducts.com","2026/9/4 14:11:22","pass","200","200","200","9","9","4","9","9","200","0","0","0","4","0","0",""
"loongbuys.net","2026/9/4 14:11:22","pass","200","200","200","7","7","4","7","7","200","0","0","0","4","0","2","official source link could not be conclusively verified https://service.loongbuy.com/en/query/freight: 403 | official source link could not be conclusively verified https://www.loongbuy.com/: 403"
"lovegobuyindex.com","2026/9/4 14:11:22","pass","200","200","200","8","8","4","8","8","200","0","0","0","4","0","1","official source link could not be conclusively verified https://lovegobuy.com/pc: 403"
"mulebuyindex.net","2026/9/4 14:11:22","pass","200","200","200","10","10","4","10","10","200","0","0","0","4","0","0",""
"mulebuyitems.com","2026/9/4 14:11:22","pass","200","200","200","8","8","4","8","8","200","0","0","0","4","0","0",""
"mycnboxindex.com","2026/9/4 14:11:22","pass","200","200","200","8","8","4","8","8","200","0","0","0","4","0","0",""
"okeyhaulindex.com","2026/9/4 14:11:22","pass","200","200","200","8","8","4","8","8","200","0","0","0","4","0","0",""
"oopbuyindex.net","2026/9/4 14:11:22","pass","200","200","200","8","8","4","8","8","200","0","0","0","4","0","0",""
"ootdbuyindex.com","2026/9/4 14:11:22","pass","200","200","200","8","8","4","8","8","200","0","0","0","4","0","0",""
"orientdigindex.com","2026/9/4 14:11:22","pass","200","200","200","14","14","4","14","14","200","0","0","0","4","0","0",""
"ossbuyindex.com","2026/9/4 14:11:22","pass","200","200","200","8","8","4","8","8","200","0","0","0","4","0","0",""
"pantherbuyindex.com","2026/9/4 14:11:22","pass","200","200","200","8","8","4","8","8","200","0","0","0","4","0","0",""
"parcelupindex.com","2026/9/4 14:11:22","pass","200","200","200","11","11","4","11","11","200","0","0","0","4","0","1","official source link could not be conclusively verified https://parcelup.com/: 403"
"ponybuyindex.com","2026/9/4 14:11:22","pass","200","200","200","8","8","4","8","8","200","0","0","0","4","0","0",""
"rizzitgoindex.com","2026/9/4 14:11:22","pass","200","200","200","8","8","4","8","8","200","0","0","0","4","0","0",""
"spanbuyindex.com","2026/9/4 14:11:22","pass","200","200","200","8","8","4","8","8","200","0","0","0","4","0","0",""
"sugargooindex.net","2026/9/4 14:11:22","pass","200","200","200","8","8","4","8","8","200","0","0","0","4","0","0",""
"superbuydeals.com","2026/9/4 14:11:22","pass","200","200","200","6","6","4","6","6","200","0","0","0","4","0","0",""
"superbuyindex.com","2026/9/4 14:11:22","pass","200","200","200","8","8","4","8","8","200","0","0","0","4","0","0",""
"superbuyitems.com","2026/9/4 14:11:22","pass","200","200","200","8","8","4","8","8","200","0","0","0","4","0","0",""
"tigbuyindex.com","2026/9/4 14:11:22","pass","200","200","200","8","8","4","8","8","200","0","0","0","4","0","0",""
"usfansindex.net","2026/9/4 14:11:22","pass","200","200","200","7","7","4","7","7","200","0","0","0","4","0","0",""
"vigorbuyindex.com","2026/9/4 14:11:22","pass","200","200","200","8","8","4","8","8","200","0","0","0","4","0","0",""
"xiangshoe.net","2026/9/4 14:11:22","core_pass_deep_audit_pending","200","200","200","13408","","","","","200","","0","0","","","1","independent site; sitemap-scale deep audit pending"
"ydaexpress.net","2026/9/4 14:11:22","pass","200","200","200","7","7","4","7","7","200","0","0","0","4","0","0",""
"ydaexpress.org","2026/9/4 14:11:22","pass","200","200","200","7","7","4","7","7","200","0","0","0","4","0","0",""
"yoybuyindex.com","2026/9/4 14:11:22","pass","200","200","200","8","8","4","8","8","200","0","0","0","4","0","0",""
