"domain","platform","source_title","source_url","source_type","accessed_date","http_status","verification_status","facts_supported","volatility","target_page"
"1to1finds.cloud","1to1finds","1to1Reps community reference","https://www.reddit.com/r/1to1reps","community reference","2026-09-04","403","not official; contextual only","community identity/context only; no official service claims","recheck before publishing fees, delivery times, promotions or policies","tenant research pages"
"1to1finds.com","1to1finds","1to1Reps community reference","https://www.reddit.com/r/1to1reps","community reference","2026-09-04","403","not official; contextual only","community identity/context only; no official service claims","recheck before publishing fees, delivery times, promotions or policies","tenant research pages"
"1to1reps.com","1to1reps","1to1Reps community reference","https://www.reddit.com/r/1to1reps","community reference","2026-09-04","403","not official; contextual only","community identity/context only; no official service claims","recheck before publishing fees, delivery times, promotions or policies","tenant research pages"
"1to1spreadsheet.com","1to1spreadsheet","1to1Reps community reference","https://www.reddit.com/r/1to1reps","community reference","2026-09-04","403","not official; contextual only","community identity/context only; no official service claims","recheck before publishing fees, delivery times, promotions or policies","tenant research pages"
"acbuyindex.com","acbuyindex","ACBuy English homepage","https://www.acbuy.com/en/","official homepage","2026-09-06","200","official homepage content reviewed","order, warehouse, inspection feedback, parcel submission and international shipping workflow at a high level","does not establish current fees, routes, delivery times or promotions","/en/platform-guide; /en/faq"
"allchinabuyfinder.com","allchinabuyfinder","AllChinaBuy English homepage","https://www.allchinabuy.com/en/","official homepage","2026-09-06","200","official homepage content reviewed","platform identity, search entry and service overview only","recheck changing fees, routes, delivery times and promotions","tenant research pages"
"allchinabuyindex.com","allchinabuyindex","AllChinaBuy English homepage","https://www.allchinabuy.com/en/","official homepage","2026-09-06","200","official homepage content reviewed","platform identity, search entry and service overview only","recheck changing fees, routes, delivery times and promotions","tenant research pages"
"allchinabuyindex.com","allchinabuyindex","AllChinaBuy agent guide","https://www.allchinabuy.com/en/page/guide/appagent/","official guide","2026-09-06","200","official guide content reviewed","purchase, warehouse weighing and checking, photos, consolidation, parcel submission, packaging services and tracking workflow","does not establish item eligibility or destination rules","/en/shipping-checklist; /en/research-log"
"allchinabuyfinder.com","allchinabuyfinder","AllChinaBuy help center","https://www.allchinabuy.com/en/page/help/","official help center","2026-09-06","200","official help entry reviewed","current help entry for account and service questions","recheck the exact article before publishing changing service details","/en/faq"
"bbdbuyeufinds.com","bbdbuyeufinds","BBDbuy current application entry","https://www.bbdbuy.com/","official application entry","2026-09-06","200","official application entry reachable; detailed help content not verified","platform identity and global shopping or shipping positioning only","do not infer current account, warehouse, estimator, route, fee or delivery capabilities","tenant research pages"
"bbdbuyeus.com","bbdbuyeus","BBDbuy current application entry","https://www.bbdbuy.com/","official application entry","2026-09-06","200","official application entry reachable; detailed help content not verified","platform identity and global shopping or shipping positioning only","do not infer current account, warehouse, estimator, route, fee or delivery capabilities","tenant research pages"
"bbdbuyeusheet.com","bbdbuyeusheet","BBDbuy current application entry","https://www.bbdbuy.com/","official application entry","2026-09-06","200","official application entry reachable; detailed help content not verified","platform identity and global shopping or shipping positioning only","do not infer current account, warehouse, estimator, route, fee or delivery capabilities","tenant research pages"
"boonbuyfind.net","boonbuyfind","BoonBuy official homepage","https://boonbuy.com/","official homepage","2026-09-06","200","official homepage workflow reviewed","search or paste, ordering, seller-to-warehouse handoff, QC photos and weight, consolidation, estimation, dispatch and tracking at a high level","fees, routes, delivery outcomes and product claims remain time-sensitive","/en/platform-guide; /en/faq"
"boonbuyindex.com","boonbuyindex","BoonBuy official homepage","https://boonbuy.com/","official homepage","2026-09-06","200","official homepage workflow reviewed","search or paste, ordering, seller-to-warehouse handoff, QC photos and weight, consolidation, estimation, dispatch and tracking at a high level","fees, routes, delivery outcomes and product claims remain time-sensitive","/en/route-boundaries; /en/faq"
"cnshopperindex.com","cnshopperindex","CNShopper official homepage","https://cnshopper.com/","official homepage","2026-09-06","200","official homepage entry reviewed","platform identity and official entry only","does not support marketing, fee, speed or delivery guarantees","tenant research pages"
"cnshopperindex.com","cnshopperindex","CNShopper forwarding guide","https://cnshopper.com/forwarding","official guide","2026-09-06","200","official forwarding guide reviewed","warehouse pre-alert, consolidation, parcel submission and freight sequence","product and order details require their own current records","/en/order-handoff"
"cnshopperindex.com","cnshopperindex","CNShopper help center","https://cnshopper.com/help_center","official help center","2026-09-06","200","official help entry reviewed","official support topics and help entry","does not support marketing or delivery guarantees","/en/faq"
"cssbuycatalog.com","CSSBuy","CSSBuy Buy For Me","https://new.cssbuy.com/buyforme","official workflow","2026-09-06","403","official page text reviewed through the search renderer; direct automated fetch blocked by Cloudflare","product-link, option, purchase, inspection and warehouse workflow","do not infer live fees, storage, timing or account results","tenant research pages"
"cssbuycatalog.com","CSSBuy","CSSBuy Cost Calculator","https://new.cssbuy.com/estimates","official tool","2026-09-06","403","official page text reviewed through the search renderer; direct automated fetch blocked by Cloudflare","destination, weight, dimensions and commodity-attribute inputs","result is an estimate; route eligibility, timing and final cost may change","/en/usa"
"cssbuyindex.com","CSSBuy","CSSBuy Buy For Me","https://new.cssbuy.com/buyforme","official workflow","2026-09-06","403","official page text reviewed through the search renderer; direct automated fetch blocked by Cloudflare","product-link, option, purchase, inspection and warehouse workflow","do not infer live fees, storage, timing or account results","tenant research pages"
"cssbuyitems.com","CSSBuy","CSSBuy Buy For Me","https://new.cssbuy.com/buyforme","official workflow","2026-09-06","403","official page text reviewed through the search renderer; direct automated fetch blocked by Cloudflare","product-link, option, purchase, inspection and warehouse workflow","do not infer live fees, storage, timing or account results","tenant research pages"
"cssbuyitems.com","CSSBuy","CSSBuy Cost Calculator","https://new.cssbuy.com/estimates","official tool","2026-09-06","403","official page text reviewed through the search renderer; direct automated fetch blocked by Cloudflare","destination, weight, dimensions and commodity-attribute inputs","result is an estimate; route eligibility, timing and final cost may change","/en/shipping"
"dgobuyindex.com","dgobuyindex","Platform primary entry","https://dgobuy.com/en_US","official platform candidate","2026-09-04","200","automated access verified","platform identity and external handoff only","recheck before publishing fees, delivery times, promotions or policies","tenant research pages"
"eastmallbuyindex.com","EastMallBuy","EastMallBuy Service Agreement","https://www.eastmallbuy.com/index/information/index/information_id/22.html","official policy","2026-09-06","200","browser and direct response reviewed","shopping-agent, third-party seller and parcel-forwarding responsibility boundaries","agreement does not guarantee product quality, authenticity, customs clearance or transaction outcome","/en/guide; /en/legit"
"eastmallbuyindex.com","EastMallBuy","EastMallBuy Inspection Policy","https://www.eastmallbuy.com/index/information/index/information_id/12.html","official policy","2026-09-06","200","browser and direct response reviewed","visible-appearance inspection and selected order-field checks","professional authenticity, function and quality checks are excluded for relevant products","/en/faq"
"eastmallbuyindex.com","EastMallBuy","EastMallBuy Affiliate Notice","https://www.eastmallbuy.com/index/help/info/id/91.html","official notice","2026-09-06","200","browser and direct response reviewed","affiliate reward channel exists","does not support a current public referral code or fixed reward amount","/en/referral-code"
"eastmallbuyindex.com","EastMallBuy","EastMallBuy Help Center","https://www.eastmallbuy.com/help-center","official help","2026-09-06","200","browser and direct response reviewed","current service-topic index","fees, delivery times, promotions and account results remain dynamic","tenant research pages"
"fishgooindex.com","Fishgoo","Fishgoo FAQ","https://blog.fishgoo.com/faq/","official help","2026-09-06","200","browser and direct response reviewed","shopping-agent workflow and an older 90-day free-storage statement","newer first-party guides state 100 days; no storage duration is published on the research pages","tenant research pages"
"fishgooindex.com","Fishgoo","Fishgoo Terms of Service","https://blog.fishgoo.com/terms-of-service/","official policy","2026-09-06","200","browser and direct response reviewed","intermediary boundary, actual-versus-volumetric weight and approximate delivery estimates","first-party storage statements conflict; routes, rates and delivery estimates may change","/en/shipping; /en/safety"
"fishgooindex.com","Fishgoo","How to Check QC Photos","https://blog.fishgoo.com/how-to-check-qc-photos/","official guide","2026-09-06","200","browser and direct response reviewed","QC photos as visible evidence","photos do not prove hidden construction, performance or authenticity","/en/fishgoo-checklist"
"goatedbuyindex.com","GoatedBuy","GoatedBuy Buying Process Route","https://www.goatedbuy.com/#/pages/doc/buyingProcess","official client route","2026-09-06","200","route verified in the current official client bundle; normal fetch returns only the application shell","official route identity and intended buying-process topic","fees, timing, availability and policy body remain unverified without the live app","tenant research pages"
"goatedbuyindex.com","GoatedBuy","GoatedBuy Shipping Estimation Route","https://www.goatedbuy.com/#/pages/estimation/shipping","official client route","2026-09-06","200","route verified in the current official client bundle; normal fetch returns only the application shell","official shipping-estimation route identity","fields, rates, eligibility and timing require live-app verification","/en/shipping"
"goatedbuyindex.com","GoatedBuy","GoatedBuy Service Terms Route","https://www.goatedbuy.com/#/pages/doc/service-terms","official client route","2026-09-06","200","route verified in the current official client bundle; normal fetch returns only the application shell","official service-terms route identity","policy, payment and account details remain unverified without the live app","/en/safety"
"goatedbuyindex.com","GoatedBuy","GoatedBuy Help Center Route","https://www.goatedbuy.com/#/pages/help/center","official client route","2026-09-06","200","route verified in the current official client bundle; normal fetch returns only the application shell","official help-center route identity","service details require live-app verification","/en/faq"
"gtbuyindex.com","gtbuyindex","Platform primary entry","https://www.gtbuy.com/","official platform candidate","2026-09-04","200","automated access verified","platform identity and external handoff only","recheck before publishing fees, delivery times, promotions or policies","tenant research pages"
"hipobuyindex.com","Hipobuy","Hipobuy App","https://app.hipobuy.com/","official app","2026-09-06","200","public application entry reviewed","platform identity, search and QC-photo positioning only","no public first-party source found for current fees, routes, storage, inspection depth or delivery times","tenant research pages"
"hoobuyindex.net","HooBuy","HooBuy Fill and Buy","https://hoobuy.com/fill-buy","official workflow","2026-09-06","200","browser and direct response reviewed","assisted-purchase items come from third-party platforms; HooBuy cannot determine product quality or authenticity","seller, service and parcel terms still require a live check","tenant research pages"
"hubbuyindex.com","hubbuyindex","Platform primary entry","https://hubbuy.com/","official platform candidate","2026-09-04","200","automated access verified","platform identity and external handoff only","recheck before publishing fees, delivery times, promotions or policies","tenant research pages"
"itaobuyindex.com","iTaoBuy","iTaoBuy Shopping Information","https://www.itaobuy.com/help/detail?namespaceCode=help_center&articleCode=purchasing_notice","official help","2026-09-06","200","official help article and API response reviewed","purchasing and warehouse workflow","product claims remain attached to the marketplace source; fees, timing and availability require a live check","tenant research pages"
"itaobuyindex.com","iTaoBuy","iTaoBuy Special-Item Disclaimer","https://www.itaobuy.com/help/detail?namespaceCode=help_center&articleCode=proxy_disclaimer","official policy","2026-09-06","200","official help article and API response reviewed","visible-appearance and accessory inspection limits for electronics, branded and other special items","does not verify function, quality, completeness or authenticity","/en/qc-evidence"
"itaobuyindex.com","iTaoBuy","iTaoBuy Terms of Use","https://www.itaobuy.com/help/detail?namespaceCode=help_center&articleCode=user_agreement","official policy","2026-09-06","200","official help article and API response reviewed","purchasing-versus-international-logistics stages and estimated-versus-packed parcel charges","routes, customs rules, fees and timing require a dated live check","/en/parcel-record; /en/faq"
"itaobuyindex.com","iTaoBuy","iTaoBuy Logistics Description","https://www.itaobuy.com/help/detail?namespaceCode=help_center&articleCode=logistics_description","official help","2026-09-06","200","official help article and API response reviewed","logistics-stage topic boundary","route availability, restrictions, fees and timing remain dynamic","tenant research pages"
"itaobuyindex.com","iTaoBuy","Free Shipping Giveaway (expired)","https://www.itaobuy.com/help/detail?namespaceCode=advertise&articleCode=order_giveaway_8_23","official promotion","2026-09-06","200","official article and API response reviewed; campaign ended","campaign ran from 2026-08-24 00:00 through 2026-08-31 01:00 Beijing time","expired on 2026-08-31; removed from the tenant homepage and must not be presented as current","homepage removal record"
"joyabuyfinds.com","joyabuyfinds","Platform primary entry","https://joyagoo.com/","official platform candidate","2026-09-04","403","link configured; automated fetch blocked or upstream error","platform identity and external handoff only","recheck before publishing fees, delivery times, promotions or policies","tenant research pages"
"joyagooindex.com","joyagooindex","Platform primary entry","https://joyagoo.com/","official platform candidate","2026-09-04","403","link configured; automated fetch blocked or upstream error","platform identity and external handoff only","recheck before publishing fees, delivery times, promotions or policies","tenant research pages"
"kakobuyindex.net","kakobuyindex","Platform primary entry","https://kakobuy.com/","official platform candidate","2026-09-04","200","automated access verified","platform identity and external handoff only","recheck before publishing fees, delivery times, promotions or policies","tenant research pages"
"kakobuyitems.com","kakobuyitems","Platform primary entry","https://kakobuy.com/","official platform candidate","2026-09-04","200","automated access verified","platform identity and external handoff only","recheck before publishing fees, delivery times, promotions or policies","tenant research pages"
"kameymallindex.com","kameymallindex","Platform primary entry","https://www.kameymall.com/","official platform candidate","2026-09-04",,"configured source; manual review pending","platform identity and external handoff only","recheck before publishing fees, delivery times, promotions or policies","tenant research pages"
"litbuyindex.com","litbuyindex","Platform primary entry","https://www.litbuy.com/","official platform candidate","2026-09-04","200","automated access verified","platform identity and external handoff only","recheck before publishing fees, delivery times, promotions or policies","tenant research pages"
"litbuyitems.com","litbuyitems","Platform primary entry","https://www.litbuy.com/","official platform candidate","2026-09-04","200","automated access verified","platform identity and external handoff only","recheck before publishing fees, delivery times, promotions or policies","tenant research pages"
"litbuyproducts.com","litbuyproducts","Platform primary entry","https://www.litbuy.com/","official platform candidate","2026-09-04","200","automated access verified","platform identity and external handoff only","recheck before publishing fees, delivery times, promotions or policies","tenant research pages"
"loongbuys.net","loongbuys","Platform primary entry","https://service.loongbuy.com/en/query/freight","official platform candidate","2026-09-04","403","link configured; automated fetch blocked or upstream error","platform identity and external handoff only","recheck before publishing fees, delivery times, promotions or policies","tenant research pages"
"loongbuys.net","loongbuys","Platform primary entry","https://www.loongbuy.com/","official platform candidate","2026-09-04","403","link configured; automated fetch blocked or upstream error","platform identity and external handoff only","recheck before publishing fees, delivery times, promotions or policies","tenant research pages"
"lovegobuyindex.com","lovegobuyindex","Platform primary entry","https://lovegobuy.com/pc","official platform candidate","2026-09-04","403","link configured; automated fetch blocked or upstream error","platform identity and external handoff only","recheck before publishing fees, delivery times, promotions or policies","tenant research pages"
"mulebuyindex.net","mulebuyindex","Platform primary entry","https://mulebuy.com/help/help-center","official platform candidate","2026-09-04","200","automated access verified","platform identity and external handoff only","recheck before publishing fees, delivery times, promotions or policies","tenant research pages"
"mulebuyitems.com","mulebuyitems","Platform primary entry","https://mulebuy.com/","official platform candidate","2026-09-04","200","automated access verified","platform identity and external handoff only","recheck before publishing fees, delivery times, promotions or policies","tenant research pages"
"mycnboxindex.com","mycnboxindex","Platform primary entry","https://www.mycnbox.com/","official platform candidate","2026-09-04","200","automated access verified","platform identity and external handoff only","recheck before publishing fees, delivery times, promotions or policies","tenant research pages"
"okeyhaulindex.com","okeyhaulindex","Platform primary entry","https://www.okeyhaul.com/","official platform candidate","2026-09-04","200","automated access verified","platform identity and external handoff only","recheck before publishing fees, delivery times, promotions or policies","tenant research pages"
"oopbuyindex.net","oopbuyindex","Platform primary entry","https://oopbuy.com/","official platform candidate","2026-09-04","200","automated access verified","platform identity and external handoff only","recheck before publishing fees, delivery times, promotions or policies","tenant research pages"
"ootdbuyindex.com","ootdbuyindex","Platform primary entry","https://ootdbuy.com/","official platform candidate","2026-09-04","200","automated access verified","platform identity and external handoff only","recheck before publishing fees, delivery times, promotions or policies","tenant research pages"
"orientdigindex.com","OrientDig","Customs and Taxes Help","https://mgt.orientdig.com/help-categories/shipping-delivery/customs-taxes/","official help","2026-09-04","200","reviewed","customs and tax topic boundary","country rules change; no fixed claim","/en/buyer-safety"
"orientdigindex.com","OrientDig","Estimated and Actual Billing Weight","https://mgt.orientdig.com/help-center/estimated-billing-weight-and-actual-billing-weight-when-will-the-overcharged-postage-be-refunded/","official help","2026-09-04","200","reviewed","actual versus volumetric billing weight and estimate caveats","divisors and refund handling may change","/en/shipping-weight-guide"
"orientdigindex.com","OrientDig","Logistics Platform Introduction","https://mgt.orientdig.com/help-center/logistics-platform-introduction/","official help","2026-09-04","200","reviewed","route selection, destination, weight and third-party logistics boundaries","routes and fees may change","/en/shipping-weight-guide"
"orientdigindex.com","OrientDig","Shopping Assistant Guidance","https://mgt.orientdig.com/help-center/shopping-assistant-guidance/","official help","2026-09-04","200","reviewed","supported marketplace links, search, QC, storage and parcel workflow","workflow and supported sources may change","/en/orientdig-spreadsheet"
"orientdigindex.com","orientdigindex","Platform primary entry","https://orientdig.com/","official platform candidate","2026-09-04","200","automated access verified","platform identity and external handoff only","recheck before publishing fees, delivery times, promotions or policies","tenant research pages"
"ossbuyindex.com","ossbuyindex","Platform primary entry","https://www.ossbuy.com/","official platform candidate","2026-09-04","200","automated access verified","platform identity and external handoff only","recheck before publishing fees, delivery times, promotions or policies","tenant research pages"
"pantherbuyindex.com","pantherbuyindex","Platform primary entry","https://pantherbuy.com/","official platform candidate","2026-09-04","200","automated access verified","platform identity and external handoff only","recheck before publishing fees, delivery times, promotions or policies","tenant research pages"
"parcelupindex.com","parcelupindex","Platform primary entry","https://parcelup.com/","official platform candidate","2026-09-04","403","link configured; automated fetch blocked or upstream error","platform identity and external handoff only","recheck before publishing fees, delivery times, promotions or policies","tenant research pages"
"ponybuyindex.com","ponybuyindex","Platform primary entry","https://www.ponybuy.com/","official platform candidate","2026-09-04","200","automated access verified","platform identity and external handoff only","recheck before publishing fees, delivery times, promotions or policies","tenant research pages"
"rizzitgoindex.com","rizzitgoindex","Platform primary entry","https://docs.rizzitgo.com/guide/en","official platform candidate","2026-09-04","200","automated access verified","platform identity and external handoff only","recheck before publishing fees, delivery times, promotions or policies","tenant research pages"
"spanbuyindex.com","spanbuyindex","Platform primary entry","https://spanbuy.com/","official platform candidate","2026-09-04","200","automated access verified","platform identity and external handoff only","recheck before publishing fees, delivery times, promotions or policies","tenant research pages"
"sugargooindex.net","sugargooindex","Platform primary entry","https://www.sugargoo.com/","official platform candidate","2026-09-04","200","automated access verified","platform identity and external handoff only","recheck before publishing fees, delivery times, promotions or policies","tenant research pages"
"superbuydeals.com","superbuydeals","Platform primary entry","https://login.superbuy.com/en/page/query/freight","official platform candidate","2026-09-04","200","automated access verified","platform identity and external handoff only","recheck before publishing fees, delivery times, promotions or policies","tenant research pages"
"superbuydeals.com","superbuydeals","Platform primary entry","https://www.superbuy.com/","official platform candidate","2026-09-04","200","automated access verified","platform identity and external handoff only","recheck before publishing fees, delivery times, promotions or policies","tenant research pages"
"superbuyindex.com","superbuyindex","Platform primary entry","https://www.superbuy.com/","official platform candidate","2026-09-04","200","automated access verified","platform identity and external handoff only","recheck before publishing fees, delivery times, promotions or policies","tenant research pages"
"superbuyitems.com","superbuyitems","Platform primary entry","https://www.superbuy.com/","official platform candidate","2026-09-04","200","automated access verified","platform identity and external handoff only","recheck before publishing fees, delivery times, promotions or policies","tenant research pages"
"tigbuyindex.com","tigbuyindex","Platform primary entry","https://tigbuy.com/","official platform candidate","2026-09-04","200","automated access verified","platform identity and external handoff only","recheck before publishing fees, delivery times, promotions or policies","tenant research pages"
"usfansindex.net","usfansindex","Platform primary entry","https://www.usfans.com/","official platform candidate","2026-09-04","200","automated access verified","platform identity and external handoff only","recheck before publishing fees, delivery times, promotions or policies","tenant research pages"
"usfansindex.net","USFans","USFans Beginner Guide","https://www.usfans.com/beginner-guide","official help","2026-09-04","200","reviewed","search, order, QC, storage, parcel and shipping workflow","storage period and workflow details may change","/en/source-check; /en/qc-record; /en/parcel-guide; /en/faq"
"usfansindex.net","USFans","USFans Estimation","https://www.usfans.com/estimation","official tool","2026-09-04","200","reviewed","estimator inputs, volumetric-weight caveat and route variability","formula, routes and tolerances may change","/en/parcel-guide"
"vigorbuyindex.com","vigorbuyindex","Platform primary entry","https://vigorbuy.com/","official platform candidate","2026-09-04","200","automated access verified","platform identity and external handoff only","recheck before publishing fees, delivery times, promotions or policies","tenant research pages"
"ydaexpress.net","ydaexpress","Platform primary entry","https://www.ydaexpress.com/","official platform candidate","2026-09-04","200","automated access verified","platform identity and external handoff only","recheck before publishing fees, delivery times, promotions or policies","tenant research pages"
"ydaexpress.org","ydaexpress","Platform primary entry","https://www.ydaexpress.com/","official platform candidate","2026-09-04","200","automated access verified","platform identity and external handoff only","recheck before publishing fees, delivery times, promotions or policies","tenant research pages"
"yoybuyindex.com","yoybuyindex","Platform primary entry","https://www.yoybuy.com/","official platform candidate","2026-09-04","200","automated access verified","platform identity and external handoff only","recheck before publishing fees, delivery times, promotions or policies","tenant research pages"
"litbuyindex.com","LitBuy","LitBuy homepage newcomer coupon panel","https://www.litbuy.com/","official homepage","2026-09-05","200","browser and direct response reviewed","new-user coupons are shipping coupons issued after login; current values and conditions are dynamic","do not hard-code currency values, thresholds, percentages, caps, routes or expiry","/en/codes-coupons"
"litbuyitems.com","LitBuy","LitBuy homepage newcomer coupon panel","https://www.litbuy.com/","official homepage","2026-09-05","200","browser and direct response reviewed","new-user coupons apply at the shipping stage and must remain separate from item price","account state, currency, thresholds, routes and checkout acceptance may change","/en/coupons"
"litbuyproducts.com","LitBuy","LitBuy homepage newcomer coupon panel","https://www.litbuy.com/","official homepage","2026-09-05","200","browser and direct response reviewed","fixed-value and percentage shipping labels require live account comparison","labels, caps, routes, thresholds and expiry may change","/en/coupons"
"loongbuys.net","LoongBuy","LoongBuy Freight Description","https://service.loongbuy.com/en/content/freight","official help","2026-09-05","403","official search index readable; direct access blocked by Cloudflare","first and additional weight, restricted goods, and volumetric-weight formula context","query-page fields and live route prices were not directly verified","/en/shipping-calculator"
"loongbuys.net","LoongBuy","LoongBuy Shopping Process","https://service.loongbuy.com/en/content/process","official help","2026-09-05","403","official search index readable; direct access blocked by Cloudflare","international deposit uses estimated parcel inputs and later carrier measurements are reconciled","workflow can change; retain account result","/en/shipping-calculator"
"superbuydeals.com","Superbuy","International Shipping Cost Estimator","https://login.superbuy.com/en/page/query/freight/","official tool","2026-09-05","200","browser and direct response reviewed","destination, warehouse, weight, dimensions, item category, and volumetric-weight explanation","routes and displayed prices are dynamic","/en/shipping-weight-guide"
"superbuydeals.com","Superbuy","User Guidance - Shopping Agent","https://www.superbuy.com/en/page/guide/shoppingagent/","official help","2026-09-05","200","browser and direct response reviewed","initial international deposit and later carrier measurement reconciliation","workflow and fee handling may change","/en/shipping-weight-guide"
"hoobuyindex.net","HooBuy","HooBuy Freight Estimation","https://hoobuy.com/estimation","official tool","2026-09-06","200","browser reviewed; HTML title absent and visible estimator checked","destination, weight, item category, dimensions and volumetric-weight context","no support found for separately calculated value-added services or a guaranteed final-charge rule","/en/shipping"
"cssbuyindex.com","CSSBuy","CSSBuy Ship For Me","https://new.cssbuy.com/shipforme","official workflow","2026-09-06","403","official page text reviewed through the search renderer; direct automated fetch blocked by Cloudflare","current account warehouse-address flow, external purchase, receipt, parcel and route stages","do not hard-code an address or claim current direct-page access","/en/forwarding"
"cssbuycatalog.com","CSSBuy","CSSBuy Ship For Me","https://new.cssbuy.com/shipforme","official workflow","2026-09-06","403","official page text reviewed through the search renderer; direct automated fetch blocked by Cloudflare","external purchase, warehouse receipt, QC, consolidation, packaging and route selection flow","warehouse rules and storage period may change","/en/forwarding"
"mulebuyindex.net","MuleBuy","MuleBuy FAQ and Help Center","https://mulebuy.com/help/faq/","official help","2026-09-05","200","browser and direct response reviewed","Order Pending, Payment Pending, Pending for Confirmation, parcel tracking number and update-delay context","status wording and actions may change; follow the current account record","/en/order-status-guide; /en/tracking"
"oopbuyindex.net","Oopbuy","Oopbuy indexed product-page example","https://oopbuy.com/product/1688/792010200504","official product page","2026-09-05","200","direct page rendered only the application shell; recent official search index text reviewed","historically separates seller-to-warehouse shipping from International Shipping Estimate and exposes estimated weight/dimensions","example product may disappear; does not support a live rate or final-charge promise","/en/shipping"
"parcelupindex.com","Parcel Up","Parcel Up Help","https://parcelup.com/help","official help","2026-09-05","403","official search index readable; direct access blocked by Cloudflare","first payment, warehouse check, second payment and tracking sequence","fees, workflow and page access may change","/en/fees-and-budgeting; /en/shipping-and-warehouse; /en/about-parcel-up-index"
"parcelupindex.com","Parcel Up","Taobao Items at Warehouse","https://parcelup.com/help/taobao-items-warehouse","official help","2026-09-05","403","official search index readable; direct access blocked by Cloudflare","warehouse photos, weight, international freight, second payment and tracking number","warehouse and payment rules may change","/en/shipping-and-warehouse"
"parcelupindex.com","Parcel Up","Parcel Up Delivery Tracking","https://parcelup.com/order/delivery-tracking","official tracking tool","2026-09-05","403","official search index readable; direct access blocked by Cloudflare","shipping service and order tracking number are required tracking inputs","carrier coverage and access may change","/en/tracking"
"sugargooindex.net","Sugargoo","How to track your package","https://blog.sugargoo.com/how-to-track-your-package-shipping-status-transit-nodes-and-delivery-time-estimates/","official blog","2026-09-05","502","official search index readable; direct official page currently unavailable","Packing Center or My Parcel, Shipped status, tracking number and Check Logistics flow","source is currently unstable; do not claim live page verification","/en/tracking"
"sugargooindex.net","Sugargoo","Sugargoo Tracking Guide","https://blog.sugargoo.com/sugargoo-tracking-guide/","official blog","2026-09-05","502","official search index readable; direct official page currently unavailable","carrier and customs handoffs can delay tracking updates","source is currently unstable; no delivery-time promise","/en/tracking"
"joyabuyfinds.com","JoyaGoo","Shopping Assistant Guidance","https://mgt.joyagoo.com/help-center/shopping-assistant-guidance/","official help","2026-09-06","200","browser and direct response reviewed","product-link, name and image search plus order, warehouse QC and parcel stages","fees, storage, routes, restrictions and timing can change","/en/guide; /en/shipping; /en/faq"
"joyabuyfinds.com","JoyaGoo","Three Things Before First Use","https://mgt.joyagoo.com/help-center/three-things-you-need-to-know-before-using-the-shopping-agent-service-for-the-first-time/","official help","2026-09-06","200","browser and direct response reviewed","third-party product and logistics responsibility boundaries","does not support a permanent safety, legitimacy, seller-quality or delivery verdict","/en/safety"
"joyagooindex.com","JoyaGoo","Shopping Assistant Guidance","https://mgt.joyagoo.com/help-center/shopping-assistant-guidance/","official help","2026-09-06","200","browser and direct response reviewed","search, product payment, warehouse QC, parcel and tracking stages","fees, storage, routes, restrictions and timing can change","/en/guide; /en/shipping"
"joyagooindex.com","JoyaGoo","Three Things Before First Use","https://mgt.joyagoo.com/help-center/three-things-you-need-to-know-before-using-the-shopping-agent-service-for-the-first-time/","official help","2026-09-06","200","browser and direct response reviewed","third-party product and logistics responsibility boundaries","does not support a permanent safety or legitimacy verdict","/en/safety"
"joyagooindex.com","JoyaGoo","Quality Check Scope","https://mgt.joyagoo.com/help-center/do-you-help-me-to-do-quality-check/","official help","2026-09-06","200","browser and direct response reviewed","visible warehouse checks and electronics inspection limits","QC images do not prove authenticity, hidden condition or performance","/en/faq"
"kakobuyindex.net","Kakobuy","Shipping Estimator","https://www.kakobuy.com/tools/estimate","official tool route","2026-09-06","200","route resolves; direct response is a JavaScript application shell","current parcel and destination estimator handoff only","no live rate, route eligibility or delivery-time claim verified","/en/shipping"
"kakobuyindex.net","Kakobuy","Help Questions","https://www.kakobuy.com/service/help/question","official help route","2026-09-06","200","route resolves; direct response is a JavaScript application shell","current support handoff only","does not validate the independent score or guarantee service outcomes","/en/faq"
"kakobuyitems.com","Kakobuy","Quality Inspection","https://www.kakobuy.com/quality-inspection","official service route","2026-09-06","200","route resolves; direct response is a JavaScript application shell","current QC handoff only","inspection scope was not readable from the direct response; no certification claim","/en/guide"
"kakobuyitems.com","Kakobuy","Shipping Estimator","https://www.kakobuy.com/tools/estimate","official tool route","2026-09-06","200","route resolves; direct response is a JavaScript application shell","current parcel and destination estimator handoff only","no live rate, route eligibility or delivery-time claim verified","/en/shipping"
"kakobuyitems.com","Kakobuy","Help Questions","https://www.kakobuy.com/service/help/question","official help route","2026-09-06","200","route resolves; direct response is a JavaScript application shell","current support handoff only","does not authenticate an item or guarantee route acceptance","/en/faq"
"mulebuyindex.net","MuleBuy","Weight Description","https://mulebuy.com/help/shipping-weight/","official help","2026-09-06","200","browser and direct response reviewed","estimated, packed actual and volumetric chargeable-weight boundaries","divisors, routes, prices, thresholds and reconciliation rules can change","/en/shipping-weight-guide"
"mulebuyitems.com","MuleBuy","Quality Check","https://mulebuy.com/help/quality-check/","official help","2026-09-06","200","browser and direct response reviewed","warehouse QC photos, visible checks and explicit inspection limits","does not certify authenticity, hidden condition or electronic performance","/en/spreadsheet-checklist; /en/faq"
"mulebuyitems.com","MuleBuy","Weight Description","https://mulebuy.com/help/shipping-weight/","official help","2026-09-06","200","browser and direct response reviewed","estimated, packed actual and volumetric chargeable-weight boundaries","divisors, routes, prices, thresholds and reconciliation rules can change","/en/shipping-weight-guide"
"mulebuyitems.com","MuleBuy","Logistics and Shipping","https://mulebuy.com/help/shipping/","official help","2026-09-06","200","browser and direct response reviewed","parcel stages, estimator handoff and destination-specific route constraints","route restrictions, prices, carrier handling and timing can change","/en/shipping-weight-guide"
"orientdigindex.com","OrientDig","Inspection Scope of Shopping Agent Service","https://mgt.orientdig.com/help-center/the-inspection-scope-of-the-shopping-agent-service/","official help","2026-09-06","200","browser and direct response reviewed","visible QC scope, exclusions and no power-on test for electronics","QC evidence is not product certification","/en/orientdig-qc-photos-guide; /en/faq"
"superbuyindex.com","Superbuy","International Shipping Cost Estimator","https://login.superbuy.com/en/page/query/freight/","official tool","2026-09-06","200","browser and direct response reviewed","destination, warehouse, weight, dimensions, item category and volumetric-weight inputs","routes and displayed prices are dynamic; no customs or delivery promise","/en/shipping-weight-guide"
"superbuyindex.com","Superbuy","Common Shopping Agent and Forwarding Questions","https://www.superbuy.com/en/page/newguide/userguide/","official help","2026-09-06","200","browser and direct response reviewed","assisted purchase, third-party product, two-payment and logistics-risk boundaries","does not support seller quality, authenticity, customs or permanent safety claims","/en/buyer-safety"
"superbuyindex.com","Superbuy","Shopping Agent Guidance","https://www.superbuy.com/en/page/guide/shoppingagent/","official help","2026-09-06","200","browser and direct response reviewed","order, warehouse QC, parcel and tracking handoffs","independent duplicate and Google indexing rules are not official Superbuy controls","/en/faq"
"superbuyitems.com","Superbuy","Shopping Agent Guidance","https://www.superbuy.com/en/page/guide/shoppingagent/","official help","2026-09-06","200","browser and direct response reviewed","warehouse inspection photos, source-dependent standards and parcel stages","QC does not prove authenticity, hidden condition or performance","/en/superbuy-qc; /en/faq"
"superbuyitems.com","Superbuy","International Shipping Cost Estimator","https://login.superbuy.com/en/page/query/freight/","official tool","2026-09-06","200","browser and direct response reviewed","current parcel inputs, destination and volumetric-weight comparison","routes and prices are dynamic; no customs or delivery promise","/en/superbuy-shipping"
"yoybuyindex.com","YoyBuy","YoyBuy Homepage and Service Workflow","https://www.yoybuy.com/","official homepage","2026-09-06","200","browser and direct response reviewed","link, keyword and image search plus order, warehouse, QC and parcel handoffs","fees, storage, routes, restrictions and delivery timing can change","/en/qc-checklist; /en/search-ideas; /en/shipping; /en/faq"
